0.000000,0.000000,0.790000,1.000000,0.000000,0.000000,0.000000,0.000000,0.000000,0.000000,0.000000,0.000000,0.000000,-0.000000,0.000000,0.000000,0.000000,0.000000,0.000000,0.000000,0.000000,0.000000,0.200000,0.200000,0.000000,1.280000,0.000000,0.000000,0.000000,0.200000,-0.200000,0.000000,1.280000,0.000000,0.000000,0.000000
0.000000,0.000000,0.787600,1.000000,0.000000,0.000000,0.000000,0.000000,0.000000,0.000000,0.000000,0.000000,0.000000,-0.109680,0.000000,0.000000,0.146240,0.060930,0.000000,0.000000,0.000000,0.000000,0.200000,0.200000,0.000000,1.280000,0.000000,0.000000,0.000000,0.200000,-0.200000,0.000000,1.280000,0.000000,0.000000,0.000000
0.000000,0.000000,0.785200,1.000000,0.000000,0.000000,0.000000,0.000000,0.000000,0.000000,0.000000,0.000000,0.000000,-0.217730,0.000000,0.000000,0.290310,0.120960,0.000000,0.000000,0.000000,0.000000,0.200000,0.200000,0.000000,1.280000,0.000000,0.000000,0.000000,0.200000,-0.200000,0.000000,1.280000,0.000000,0.000000,0.000000
0.000000,0.000000,0.782800,1.000000,0.000000,0.000000,0.000000,0.000000,0.000000,0.000000,0.000000,0.000000,0.000000,-0.322530,0.000000,0.000000,0.430040,0.179180,0.000000,0.000000,0.000000,0.000000,0.200000,0.200000,0.000000,1.280000,0.000000,0.000000,0.000000,0.200000,-0.200000,0.000000,1.280000,0.000000,0.000000,0.000000
0.000000,0.000000,0.780600,1.000000,0.000000,0.000000,0.000000,0.000000,0.000000,0.000000,0.000000,0.000000,0.000000,-0.422520,0.000000,0.000000,0.563370,0.234740,0.000000,0.000000,0.000000,0.000000,0.200000,0.200000,0.000000,1.280000,0.000000,0.000000,0.000000,0.200000,-0.200000,0.000000,1.280000,0.000000,0.000000,0.000000
0.000000,0.000000,0.778500,1.000000,0.000000,0.000000,0.000000,0.000000,0.000000,0.000000,0.000000,0.000000,0.000000,-0.516220,0.000000,0.000000,0.688290,0.286790,0.000000,0.000000,0.000000,0.000000,0.200000,0.200000,0.000000,1.280000,0.000000,0.000000,0.000000,0.200000,-0.200000,0.000000,1.280000,0.000000,0.000000,0.000000
0.000000,0.000000,0.776600,1.000000,0.000000,0.000000,0.000000,0.000000,0.000000,0.000000,0.000000,0.000000,0.000000,-0.602220,0.000000,0.000000,0.802960,0.334570,0.000000,0.000000,0.000000,0.000000,0.200000,0.200000,0.000000,1.280000,0.000000,0.000000,0.000000,0.200000,-0.200000,0.000000,1.280000,0.000000,0.000000,0.000000
0.000000,0.000000,0.774900,1.000000,0.000000,0.000000,0.000000,0.000000,0.000000,0.000000,0.000000,0.000000,0.000000,-0.679240,0.000000,0.000000,0.905650,0.377350,0.000000,0.000000,0.000000,0.000000,0.200000,0.200000,0.000000,1.280000,0.000000,0.000000,0.000000,0.200000,-0.200000,0.000000,1.280000,0.000000,0.000000,0.000000
0.000000,0.000000,0.773400,1.000000,0.000000,0.000000,0.000000,0.000000,0.000000,0.000000,0.000000,0.000000,0.000000,-0.746130,0.000000,0.000000,0.994850,0.414520,0.000000,0.000000,0.000000,0.000000,0.200000,0.200000,0.000000,1.280000,0.000000,0.000000,0.000000,0.200000,-0.200000,0.000000,1.280000,0.000000,0.000000,0.000000
0.000000,0.000000,0.772200,1.000000,0.000000,0.000000,0.000000,0.000000,0.000000,0.000000,0.000000,0.000000,0.000000,-0.801910,0.000000,0.000000,1.069210,0.445500,0.000000,0.000000,0.000000,0.000000,0.200000,0.200000,0.000000,1.280000,0.000000,0.000000,0.000000,0.200000,-0.200000,0.000000,1.280000,0.000000,0.000000,0.000000
0.000000,0.000000,0.771200,1.000000,0.000000,0.000000,0.000000,0.000000,0.000000,0.000000,0.000000,0.000000,0.000000,-0.845720,0.000000,0.000000,1.096310,0.469850,0.000000,0.000000,0.000000,0.000000,0.200000,0.200000,0.000000,1.280000,0.000000,0.000000,0.000000,0.200000,-0.200000,0.000000,1.280000,0.000000,0.000000,0.000000
0.000000,0.000000,0.770500,1.000000,0.000000,0.000000,0.000000,0.000000,0.000000,0.000000,0.000000,0.000000,0.000000,-0.876930,0.000000,0.000000,1.104290,0.487190,0.000000,0.000000,0.000000,0.000000,0.200000,0.200000,0.000000,1.280000,0.000000,0.000000,0.000000,0.200000,-0.200000,0.000000,1.280000,0.000000,0.000000,0.000000
0.000000,0.000000,0.770100,1.000000,0.000000,0.000000,0.000000,0.000000,0.000000,0.000000,0.000000,0.000000,0.000000,-0.895070,0.000000,0.000000,1.093970,0.497260,0.000000,0.000000,0.000000,0.000000,0.200000,0.200000,0.000000,1.280000,0.000000,0.000000,0.000000,0.200000,-0.200000,0.000000,1.280000,0.000000,0.000000,0.000000
0.000000,0.000000,0.770000,1.000000,0.000000,0.000000,0.000000,0.000000,0.000000,0.000000,0.000000,0.000000,0.000000,-0.899860,0.000000,0.000000,1.066500,0.499920,0.000000,0.000000,0.000000,0.000000,0.200000,0.200000,0.000000,1.280000,0.000000,0.000000,0.000000,0.200000,-0.200000,0.000000,1.280000,0.000000,0.000000,0.000000
0.000000,0.000000,0.770200,1.000000,0.000000,0.000000,0.000000,0.000000,0.000000,0.000000,0.000000,0.000000,0.000000,-0.891240,0.000000,0.000000,1.023280,0.495130,0.000000,0.000000,0.000000,0.000000,0.200000,0.200000,0.000000,1.280000,0.000000,0.000000,0.000000,0.200000,-0.200000,0.000000,1.280000,0.000000,0.000000,0.000000
0.000000,0.000000,0.770700,1.000000,0.000000,0.000000,0.000000,0.000000,0.000000,0.000000,0.000000,0.000000,0.000000,-0.869330,0.000000,0.000000,0.965930,0.482960,0.000000,0.000000,0.000000,0.000000,0.200000,0.200000,0.000000,1.280000,0.000000,0.000000,0.000000,0.200000,-0.200000,0.000000,1.280000,0.000000,0.000000,0.000000
0.000000,0.000000,0.771500,1.000000,0.000000,0.000000,0.000000,0.000000,0.000000,0.000000,0.000000,0.000000,0.000000,-0.834470,0.000000,0.000000,0.896280,0.463590,0.000000,0.000000,0.000000,0.000000,0.200000,0.200000,0.000000,1.280000,0.000000,0.000000,0.000000,0.200000,-0.200000,0.000000,1.280000,0.000000,0.000000,0.000000
0.000000,0.000000,0.772500,1.000000,0.000000,0.000000,0.000000,0.000000,0.000000,0.000000,0.000000,0.000000,0.000000,-0.787160,0.000000,0.000000,0.816310,0.437310,0.000000,0.000000,0.000000,0.000000,0.200000,0.200000,0.000000,1.280000,0.000000,0.000000,0.000000,0.200000,-0.200000,0.000000,1.280000,0.000000,0.000000,0.000000
0.000000,0.000000,0.773800,1.000000,0.000000,0.000000,0.000000,0.000000,0.000000,0.000000,0.000000,0.000000,0.000000,-0.728120,0.000000,0.000000,0.728120,0.404510,0.000000,0.000000,0.000000,0.000000,0.200000,0.200000,0.000000,1.280000,0.000000,0.000000,0.000000,0.200000,-0.200000,0.000000,1.280000,0.000000,0.000000,0.000000
0.000000,0.000000,0.775400,1.000000,0.000000,0.000000,0.000000,0.000000,0.000000,0.000000,0.000000,0.000000,0.000000,-0.658220,0.000000,0.000000,0.633840,0.365680,0.000000,0.000000,0.000000,0.000000,0.200000,0.200000,0.000000,1.280000,0.000000,0.000000,0.000000,0.200000,-0.200000,0.000000,1.280000,0.000000,0.000000,0.000000
0.000000,0.000000,0.777100,1.000000,0.000000,0.000000,0.000000,0.000000,0.000000,0.000000,0.000000,0.000000,0.000000,-0.578510,0.000000,0.000000,0.535660,0.321390,0.000000,0.000000,0.000000,0.000000,0.200000,0.200000,0.000000,1.280000,0.000000,0.000000,0.000000,0.200000,-0.200000,0.000000,1.280000,0.000000,0.000000,0.000000
0.000000,0.000000,0.779100,1.000000,0.000000,0.000000,0.000000,0.000000,0.000000,0.000000,0.000000,0.000000,0.000000,-0.490180,0.000000,0.000000,0.435710,0.272320,0.000000,0.000000,0.000000,0.000000,0.200000,0.200000,0.000000,1.280000,0.000000,0.000000,0.000000,0.200000,-0.200000,0.000000,1.280000,0.000000,0.000000,0.000000
0.000000,0.000000,0.781200,1.000000,0.000000,0.000000,0.000000,0.000000,0.000000,0.000000,0.000000,0.000000,0.000000,-0.394530,0.000000,0.000000,0.336080,0.219190,0.000000,0.000000,0.000000,0.000000,0.200000,0.200000,0.000000,1.280000,0.000000,0.000000,0.000000,0.200000,-0.200000,0.000000,1.280000,0.000000,0.000000,0.000000
0.000000,0.000000,0.783500,1.000000,0.000000,0.000000,0.000000,0.000000,0.000000,0.000000,0.000000,0.000000,0.000000,-0.293010,0.000000,0.000000,0.238750,0.162780,0.000000,0.000000,0.000000,0.000000,0.200000,0.200000,0.000000,1.280000,0.000000,0.000000,0.000000,0.200000,-0.200000,0.000000,1.280000,0.000000,0.000000,0.000000
0.000000,0.000000,0.785800,1.000000,0.000000,0.000000,0.000000,0.000000,0.000000,0.000000,0.000000,0.000000,0.000000,-0.187120,0.000000,0.000000,0.145540,0.103960,0.000000,0.000000,0.000000,0.000000,0.200000,0.200000,0.000000,1.280000,0.000000,0.000000,0.000000,0.200000,-0.200000,0.000000,1.280000,0.000000,0.000000,0.000000
0.000000,0.000000,0.788300,1.000000,0.000000,0.000000,0.000000,0.000000,0.000000,0.000000,0.000000,0.000000,0.000000,-0.078440,0.000000,0.000000,0.058100,0.043580,0.000000,0.000000,0.000000,0.000000,0.200000,0.200000,0.000000,1.280000,0.000000,0.000000,0.000000,0.200000,-0.200000,0.000000,1.280000,0.000000,0.000000,0.000000
0.000000,0.000000,0.790000,1.000000,0.000000,0.000000,0.000000,0.000000,0.000000,0.000000,0.000000,0.000000,0.000000,-0.000000,0.000000,0.000000,0.000000,0.000000,0.000000,0.000000,0.000000,0.000000,0.200000,0.200000,0.000000,1.280000,0.000000,0.000000,0.000000,0.200000,-0.200000,0.000000,1.280000,0.000000,0.000000,0.000000
0.000000,0.000000,0.790000,1.000000,0.000000,0.000000,0.000000,0.000000,0.000000,0.000000,0.000000,0.000000,0.000000,-0.000000,0.000000,0.000000,0.000000,0.000000,0.000000,0.000000,0.000000,0.000000,0.200000,0.200000,0.000000,1.280000,0.000000,0.000000,0.000000,0.200000,-0.200000,0.000000,1.280000,0.000000,0.000000,0.000000
0.000000,0.000000,0.790000,1.000000,0.000000,0.000000,0.000000,0.000000,0.000000,0.000000,0.000000,0.000000,0.000000,-0.000000,0.000000,0.000000,0.000000,0.000000,0.000000,0.000000,0.000000,0.000000,0.200000,0.200000,0.000000,1.280000,0.000000,0.000000,0.000000,0.200000,-0.200000,0.000000,1.280000,0.000000,0.000000,0.000000
0.000000,0.000000,0.790000,1.000000,0.000000,0.000000,0.000000,0.000000,0.000000,0.000000,0.000000,0.000000,0.000000,-0.000000,0.000000,0.000000,0.000000,0.000000,0.000000,0.000000,0.000000,0.000000,0.200000,0.200000,0.000000,1.280000,0.000000,0.000000,0.000000,0.200000,-0.200000,0.000000,1.280000,0.000000,0.000000,0.000000
0.000000,0.000000,0.790000,1.000000,0.000000,0.000000,0.000000,0.000000,0.000000,0.000000,0.000000,0.000000,0.000000,-0.000000,0.000000,0.000000,0.000000,0.000000,0.000000,0.000000,0.000000,0.000000,0.200000,0.200000,0.000000,1.280000,0.000000,0.000000,0.000000,0.200000,-0.200000,0.000000,1.280000,0.000000,0.000000,0.000000
0.000000,0.000000,0.790000,1.000000,0.000000,0.000000,0.000000,0.000000,0.000000,0.000000,0.000000,0.000000,0.000000,-0.000000,0.000000,0.000000,0.000000,0.000000,0.000000,0.000000,0.000000,0.000000,0.200000,0.200000,0.000000,1.280000,0.000000,0.000000,0.000000,0.200000,-0.200000,0.000000,1.280000,0.000000,0.000000,0.000000
0.000000,0.000000,0.790000,1.000000,0.000000,0.000000,0.000000,0.000000,0.000000,0.000000,0.000000,0.000000,0.000000,-0.000000,0.000000,0.000000,0.000000,0.000000,0.000000,0.000000,0.000000,0.000000,0.200000,0.200000,0.000000,1.280000,0.000000,0.000000,0.000000,0.200000,-0.200000,0.000000,1.280000,0.000000,0.000000,0.000000
0.000000,0.000000,0.790000,1.000000,0.000000,0.000000,0.000000,0.000000,0.000000,0.000000,0.000000,0.000000,0.000000,-0.000000,0.000000,0.000000,0.000000,0.000000,0.000000,0.000000,0.000000,0.000000,0.200000,0.200000,0.000000,1.280000,0.000000,0.000000,0.000000,0.200000,-0.200000,0.000000,1.280000,0.000000,0.000000,0.000000
0.000000,0.000000,0.790000,1.000000,0.000000,0.000000,0.000000,0.000000,0.000000,0.000000,0.000000,0.000000,0.000000,-0.000000,0.000000,0.000000,0.000000,0.000000,0.000000,0.000000,0.000000,0.000000,0.200000,0.200000,0.000000,1.280000,0.000000,0.000000,0.000000,0.200000,-0.200000,0.000000,1.280000,0.000000,0.000000,0.000000
0.000000,0.000000,0.790000,1.000000,0.000000,0.000000,0.000000,0.000000,0.000000,0.000000,0.000000,0.000000,0.000000,-0.000000,0.000000,0.000000,0.000000,0.000000,0.000000,0.000000,0.000000,0.000000,0.200000,0.200000,0.000000,1.280000,0.000000,0.000000,0.000000,0.200000,-0.200000,0.000000,1.280000,0.000000,0.000000,0.000000
